Car Make,Car Model,Year,Engine Size (L),Horsepower,Torque (lb-ft),0-60 MPH Time (seconds),Price (in USD),Country
Porsche,911,2022,3,181,331,4,"101,200",Germany
Lamborghini,Huracan,2021,5.2,237,443,2.8,"274,390",Italy
Ferrari,488 GTB,2022,3.9,237,561,3,"333,750",Italy
Audi,R8,2022,5.2,237,406,3.2,"142,700",Germany
McLaren,720S,2021,4,237,568,2.7,"298,000",UK
BMW,M8,2022,4.4,237,553,3.1,"130,000",Germany
Mercedes-Benz,AMG GT,2021,4,237,494,3.8,"118,500",Germany
Chevrolet,Corvette,2021,6.2,255,465,2.8,"59,900",USA
Ford,Mustang Shelby GT500,2022,5.2,288,625,3.5,"81,000",USA
Nissan,GT-R Nismo,2021,3.8,296,481,2.5,"212,000",Japan
Aston Martin,DB11,2021,5.2,296,516,3.5,"201,495",UK
Bugatti,Chiron,2021,8,296,1180,2.4,"3,000,000",France
Dodge,Challenger SRT Hellcat,2022,6.2,296,656,3.5,"61,000",USA
Jaguar,F-Type,2022,3,296,295,5.4,"70,100",UK
Koenigsegg,Jesko,2021,5,296,1015,2.5,"2,800,000",Sweden
Lexus,LC 500,2021,5,296,398,4.4,"92,950",Japan
Lotus,Evora GT,2021,3.5,296,317,3.8,"104,450",UK
Maserati,GranTurismo,2021,4.7,300,384,4.8,"150,000",Italy
Porsche,Boxster,2021,2,300,280,4.7,"62,000",Germany
Alfa Romeo,Giulia Quadrifoglio,2022,2.9,300,443,3.8,"78,000",Italy
Ariel,Atom,2021,2,300,243,2.8,"75,000",UK
Bentley,Continental GT,2021,6,300,664,3.6,"225,000",UK
McLaren,Artura,2022,3,300,531,3,"225,000",UK
Mercedes-AMG,SLS AMG,2021,6.2,300,468,3.5,"248,000",Germany
Pagani,Huayra,2021,6,300,737,2.8,"2,800,000",Italy
Polestar,1,2021,2,300,738,4.1,"155,000",Sweden
Rimac,Nevera,2022,Electric,300,1696,1.85,"2,400,000",Croatia
Porsche,Cayman GT4,2022,4,300,309,3.8,"100,200",Germany
Lamborghini,Aventador SVJ,2021,6.5,300,531,2.8,"517,770",Italy
Ferrari,SF90 Stradale,2021,4,300,590,2.5,"625,000",Italy
Audi,RS7,2022,4,300,590,3.5,"117,000",Germany
McLaren,Artura,2021,3,300,531,3,"225,000",UK
BMW,M4,2022,3,300,479,3.8,"72,800",Germany
Mercedes-Benz,SLS AMG,2015,6.2,300,468,3.2,"222,000",Germany
Chevrolet,Camaro ZL1,2021,6.2,300,650,3.5,"64,695",USA
Ford,GT,2022,3.5,300,550,3,"500,000",USA
Nissan,370Z Nismo,2021,3.7,300,276,4.5,"45,690",Japan
Porsche,Taycan 4S,2022,Electric Motor,300,479,3.8,"104,000",Germany
Lamborghini,Urus,2021,4,300,626,3.5,"218,000",Italy
Ferrari,Roma,2021,3.9,305,561,3.3,"222,000",Italy
Audi,RS3,2022,2.5,310,369,3.9,"57,000",Germany
McLaren,GT,2021,4,310,465,3.1,"210,000",UK
BMW,i8,2020,1.5 + Electric,310,420,4.2,"148,500",Germany
Mercedes-Benz,CLS63 AMG,2019,4,310,627,3.4,"132,000",Germany
Porsche,Cayman,2021,2,320,280,5.1,"58,900",Germany
Lamborghini,Aventador SVJ,2021,6.5,325,531,2.8,"518,000",Italy
Ferrari,SF90 Stradale,2021,4,325,590,2.5,"625,000",Italy
Audi,RS3,2022,2.5,325,369,3.9,"56,200",Germany
McLaren,570S,2021,3.8,325,443,2.8,"192,500",UK
BMW,M4,2022,3,325,479,3.8,"71,800",Germany
Mercedes-Benz,AMG C63,2021,4,325,516,3.8,"68,000",Germany
Chevrolet,Camaro SS,2021,6.2,325,455,4.1,"42,500",USA
Ford,Mustang GT,2022,5,325,420,4.3,"39,000",USA
Nissan,370Z Nismo,2021,3.7,332,276,4.8,"46,100",Japan
Aston Martin,Vantage,2021,4,332,505,3.5,"142,100",UK
Lotus,Evora GT,2021,3.5,332,317,3.8,"105,000",UK
Porsche,Panamera,2021,2.9,332,331,5.1,"87,200",Germany
Lamborghini,Urus,2021,4,332,627,3.2,"218,000",Italy
Ferrari,Roma,2021,3.9,332,560,3.4,"222,000",Italy
Audi,S5,2022,3,332,369,4.4,"52,500",Germany
McLaren,600LT,2021,3.8,332,457,2.8,"241,000",UK
BMW,M5,2022,4.4,332,553,3.2,"103,500",Germany
Aston Martin,Vantage,2022,4,349,505,3.5,"146,000",UK
Audi,RS5,2021,2.9,349,443,3.6,"75,400",Germany
BMW,M2,2022,3,350,406,4,"58,900",Germany
Chevrolet,Camaro SS,2021,6.2,350,455,4,"42,900",USA
Dodge,Challenger SRT Hellcat Redeye,2022,6.2,350,707,3.4,"78,595",USA
Ford,GT,2021,3.5,350,550,3,"500,000",USA
Jaguar,F-Type,2022,2,350,295,5.4,"62,750",UK
Lamborghini,Aventador,2021,6.5,350,531,2.9,"417,826",Italy
Maserati,GranTurismo,2021,4.7,350,384,4.7,"150,980",Italy
McLaren,Artura,2022,3,350,531,3,"225,000",UK
Mercedes-Benz,C63 AMG,2021,4,350,516,3.8,"70,100",Germany
Nissan,370Z,2021,3.7,350,270,5,"30,090",Japan
Porsche,Panamera,2022,2.9,350,331,5.3,"88,700",Germany
Audi,TT RS,2021,2.5,350,354,3.6,"67,600",Germany
BMW,M4,2022,3,350,406,4.1,"72,800",Germany
Chevrolet,Corvette Stingray,2021,6.2,350,465,2.8,"59,900",USA
Ferrari,F8 Tributo,2021,3.9,350,568,2.8,"274,280",Italy
Ford,Mustang Mach 1,2021,5,350,420,4.3,"52,915",USA
Lamborghini,Urus,2021,4,350,627,3.6,"218,009",Italy
Porsche,718 Cayman,2022,2,350,280,4.5,"61,000",Germany
Acura,NSX,2022,3.5,350,476,2.9,"159,495",Japan
Aston Martin,Vantage,2022,4,350,505,3.5,"142,086",UK
Bentley,Continental GT,2021,6,350,664,3.3,"219,800",UK
Bugatti,Chiron,2022,8,350,1180,2.4,"3,000,000",France
Dodge,Challenger SRT Hellcat Redeye,2022,6.2,350,707,3.4,"74,290",USA
Jaguar,F-Type,2022,3,350,339,4.9,"71,900",UK
Koenigsegg,Jesko,2022,5,350,1106,2.5,"3,000,000",Sweden
Lexus,LC 500,2022,5,365,398,4.4,"92,950",Japan
Lotus,Evora GT,2021,3.5,368,317,3.8,"105,000",UK
Maserati,GranTurismo,2022,4.7,369,384,4.7,"134,300",Italy
Mazda,MX-5 Miata,2021,2,369,151,6.5,"26,830",Japan
McLaren,GT,2022,4,369,465,3.1,"213,195",UK
Mercedes-Benz,SLS AMG,2015,6.2,369,468,3.7,"221,580",Germany
Pagani,Huayra,2022,6,372,738,2.8,"2,800,000",Italy
Porsche,718 Cayman GT4,2022,4,379,309,4.2,"100,550",Germany
Rimac,Nevera,2022,Electric,379,1696,1.95,"2,400,000",Croatia
Rolls-Royce,Wraith,2021,6.8,380,605,4.4,"330,000",UK
Tesla,Roadster,2022,Electric,380,737,1.9,"200,000",USA
Toyota,Supra,2022,3,380,368,3.9,"43,090",Japan
W Motors,Fenyr Supersport,2022,3.8,380,723,2.7,"1,700,000",UAE
Porsche,718 Cayman,2022,2,380,280,4.7,"60,500",Germany
Lamborghini,Aventador,2021,6.5,380,531,2.9,"522,000",Italy
Ferrari,SF90 Stradale,2021,4,380,590,2.5,"625,000",Italy
Audi,TT RS,2022,2.5,380,354,3.4,"67,000",Germany
McLaren,GT,2021,4,382,465,3.1,"212,500",UK
BMW,M4,2022,3,382,479,3.8,"75,000",Germany
Mercedes-Benz,SL 63 AMG,2021,4,382,664,3.5,"155,000",Germany
Chevrolet,Camaro ZL1,2021,6.2,382,650,3.5,"64,000",USA
Ford,GT,2022,3.5,382,550,2.8,"500,000",USA
Nissan,370Z,2021,3.7,382,270,4.7,"31,015",Japan
Aston Martin,DBS Superleggera,2021,5.2,382,664,3.4,"304,995",UK
Bugatti,Chiron,2021,8,382,1180,2.4,"3,000,000",France
Lotus,Evora GT,2021,3.5,385,317,3.8,"105,000",UK
McLaren,570S,2021,3.8,385,443,3.2,"192,500",UK
Porsche,Panamera Turbo S E-Hybrid,2021,4,394,642,3.2,"190,000",Germany
Lamborghini,Urus,2021,4,394,627,3.6,"222,000",Italy
Ferrari,Roma,2021,3.9,394,561,3.3,"222,000",Italy
Audi,RS7,2021,4,394,590,3.5,"115,000",Germany
BMW,M2,2022,3,394,406,4.2,"59,000",Germany
Porsche,Cayman GT4,2022,4,394,309,4.2,"102,100",Germany
Lamborghini,Aventador,2021,6.5,394,509,2.9,"417,826",Italy
Aston Martin,DBS Superleggera,2021,5.2,394,664,3.2,"304,995",UK
Bentley,Continental GT,2021,6,394,664,3.6,"220,300",UK
Audi,RS7,2022,4,394,590,3.5,"114,000",Germany
Mercedes-Benz,SLS AMG,2021,6.2,394,468,3.7,"239,100",Germany
McLaren,570S,2021,3.8,394,443,3.1,"192,500",UK
BMW,M2,2022,3,394,406,4,"58,900",Germany
Chevrolet,Camaro ZL1,2021,6.2,394,650,3.5,"62,500",USA
Dodge,Challenger SRT Hellcat,2021,6.2,394,656,3.5,"65,290",USA
Ferrari,Portofino,2021,3.9,394,560,3.5,"219,750",Italy
Porsche,Panamera Turbo S,2022,4,394,604,2.9,"187,700",Germany
Lamborghini,Urus,2021,4,394,627,3.6,"222,004",Italy
Mercedes-Benz,AMG C63,2021,4,400,479,3.8,"71,350",Germany
Aston Martin,Vantage,2021,4,401,505,3.6,"146,000",UK
Audi,S5,2022,3,401,369,4.4,"52,500",Germany
Porsche,Cayman,2022,2.5,402,309,4.5,"68,900",Germany
Lamborghini,Aventador,2021,6.5,402,507,2.8,"517,770",Italy
Ferrari,F8 Tributo,2022,3.9,405,568,2.9,"276,550",Italy
Audi,TT RS,2021,2.5,405,354,3.6,"67,600",Germany
McLaren,570S,2021,3.8,405,443,3.1,"192,500",UK
BMW,Z4 M40i,2022,3,405,369,3.9,"63,700",Germany
Mercedes-Benz,SLS AMG,2015,6.2,405,468,3.7,"221,580",Germany
Chevrolet,Camaro SS,2022,6.2,405,455,4.1,"44,000",USA
Ford,Mustang Mach 1,2021,5,405,420,4,"51,720",USA
Nissan,370Z Nismo,2021,3.7,405,276,4.9,"45,790",Japan
Porsche,Panamera,2022,2.9,405,331,5.4,"88,550",Germany
Lamborghini,Urus,2021,4,405,627,3.5,"218,009",Italy
Ferrari,Roma,2021,3.9,405,561,3.3,"222,620",Italy
Audi,RS 3,2022,2.5,405,369,3.6,"56,200",Germany
McLaren,GT,2021,4,405,465,3.2,"200,000",UK
BMW,M2 CS,2022,3,405,406,3.8,"84,595",Germany
Mercedes-Benz,AMG C63,2021,4,405,516,3.8,"77,500",Germany
Chevrolet,Camaro ZL1,2021,6.2,405,650,3.5,"62,500",USA
Acura,NSX,2021,3.5,405,476,2.7,"157,500",Japan
Aston Martin,DB11,2022,4,405,513,3.7,"204,100",UK
Bentley,Continental GT,2021,6,414,664,3.4,"220,300",UK
Bugatti,Chiron,2021,8,414,1180,2.4,"3,000,000",France
Dodge,Viper,2017,8.4,414,600,3.3,"120,000",USA
Jaguar,F-Type,2022,3,414,339,4.9,"69,900",UK
Koenigsegg,Jesko,2022,5,414,1106,2.5,"3,000,000",Sweden
Lexus,LC 500,2022,5,414,398,4.4,"92,950",Japan
Lotus,Evora GT,2021,3.5,414,317,3.8,"105,950",UK
Maserati,GranTurismo,2020,4.7,414,384,4.8,"150,000",Italy
McLaren,570S,2020,3.8,414,443,3.1,"204,550",UK
Pagani,Huayra,2020,6,414,738,3,"2,700,000",Italy
Porsche,Cayman GT4,2022,4,414,309,4.2,"102,900",Germany
Rimac,C_Two,2022,,414,1696,1.9,"2,400,000",Croatia
Rolls-Royce,Wraith,2021,6.6,414,605,4.3,"330,000",UK
Shelby,Cobra,1965,7,414,440,4.2,"1,000,000",USA
Tesla,Model S Plaid,2021,,414,1050,1.98,"131,190",USA
Toyota,GR Supra,2022,3,414,368,3.9,"43,090",Japan
TVR,Griffith,2022,5,414,479,3.8,"123,500",UK
W Motors,Lykan Hypersport,2015,3.7,414,708,2.8,"3,400,000",UAE
Porsche,718 Cayman,2021,2,414,280,4.5,"61,500",Germany
Lamborghini,Aventador SVJ,2021,6.5,414,531,2.8,"518,000",Italy
Ferrari,SF90 Stradale,2022,4,414,590,2.5,"507,000",Italy
Audi,RS 6,2021,4,414,590,3.5,"109,000",Germany
McLaren,GT,2021,4,414,465,3.1,"210,000",UK
BMW,M2 CS,2022,3,416,406,3.8,"84,595",Germany
Mercedes-Benz,SLS AMG,2015,6.2,416,468,3.6,"228,000",Germany
Chevrolet,Camaro SS,2021,6.2,416,455,4,"42,000",USA
Ford,GT,2022,3.5,416,550,2.8,"500,000",USA
Nissan,370Z Nismo,2021,3.7,416,276,5,"45,000",Japan
Porsche,Taycan,2021,Electric,416,774,2.6,"185,000",Germany
Lamborghini,Urus,2021,4,416,627,3.6,"222,004",Italy
Ferrari,F8 Tributo,2021,3.9,416,568,2.9,"276,550",Italy
Audi,RS 3,2022,2.5,416,354,3.5,"56,000",Germany
McLaren,570S,2021,3.8,416,443,3.1,"191,000",UK
BMW,M5,2022,4.4,416,553,3.2,"104,000",Germany
Mercedes-Benz,AMG C 63,2021,4,416,479,3.9,"69,900",Germany
Chevrolet,Camaro ZL1,2021,6.2,416,650,3.5,"64,000",USA
Porsche,Taycan,2022,2,416,254,5.1,"81,250",Germany
Lamborghini,Aventador,2021,6.5,416,509,2.9,"517,700",Italy
Aston Martin,DBS Superleggera,2022,5.2,416,663,3.4,"330,000",UK
Audi,RS 6 Avant,2021,4,416,590,3.5,"109,000",Germany
McLaren,600LT,2021,3.8,416,457,2.8,"242,500",UK
Mercedes-AMG,C 63 S Coupe,2022,4,416,516,3.7,"77,000",Germany
BMW,M4,2022,3,416,406,4.1,"72,800",Germany
Chevrolet,Camaro ZL1,2021,6.2,416,650,3.5,"62,000",USA
Dodge,Challenger SRT Hellcat Redeye,2022,6.2,416,707,3.5,"76,000",USA
Ford,GT,2022,3.5,416,550,2.9,"500,000",USA
Nissan,370Z,2021,3.7,416,270,4.9,"30,090",Japan
Porsche,Panamera,2022,2.9,416,332,5.3,"87,200",Germany
Lamborghini,Urus,2021,4,416,626,3.5,"218,000",Italy
Bugatti,Chiron,2021,8,416,1180,2.3,"3,000,000",France
Ferrari,F8 Tributo,2021,3.9,416,568,2.9,"274,280",Italy
Audi,RS 7,2021,4,416,590,3.5,"114,000",Germany
McLaren,570S,2021,3.8,429,443,3.1,"191,000",UK
Aston Martin,Vantage,2022,4,429,505,3.5,"142,086",UK
Jaguar,F-Type,2022,5,429,516,3.5,"103,200",UK
Porsche,Panamera Turbo S,2021,4,435,604,2.9,"177,700",Germany
Lamborghini,Aventador S,2021,6.5,444,509,2.9,"417,650",Italy
Ferrari,SF90 Stradale,2021,4,444,590,2.5,"625,000",Italy
Audi,RS7,2022,4,444,590,3.5,"115,045",Germany
McLaren,600LT,2021,3.8,444,457,2.9,"256,500",UK
BMW,M2 Competition,2022,3,444,406,4,"59,895",Germany
Mercedes-Benz,S63 AMG,2021,4,444,664,3.4,"152,500",Germany
Chevrolet,Camaro ZL1,2021,6.2,444,650,3.5,"64,695",USA
Dodge,Challenger SRT Hellcat,2022,6.2,444,656,3.5,"69,995",USA
Ford,GT,2022,3.5,444,550,2.9,"500,000",USA
Porsche,Taycan Turbo S,2021,,444,774,2.6,"185,000",Germany
Lamborghini,Urus,2021,4,444,627,3.2,"218,009",Italy
Ferrari,812 Superfast,2021,6.5,444,530,2.9,"363,730",Italy
Audi,R8 Spyder,2022,5.2,444,406,3.5,"183,300",Germany
McLaren,GT,2021,4,444,465,3.1,"210,000",UK
BMW,M4,2022,3,444,406,4.1,"73,795",Germany
Mercedes-Benz,AMG GT R,2021,4,444,516,3.5,"183,000",Germany
Chevrolet,Corvette Stingray,2021,6.2,444,470,2.9,"60,995",USA
Aston Martin,DB11,2022,5.2,454,516,3.5,"207,000",UK
Bentley,Continental GT,2022,6,454,664,3.5,"203,825",UK
Jaguar,F-Type R,2021,5,454,516,3.5,"103,200",UK
Acura,NSX,2022,3.5,454,476,2.7,"157,500",Japan
Lotus,Evora GT,2021,3.5,454,317,3.7,"99,800",UK
Porsche,Cayman GT4,2021,4,454,309,4.2,"100,200",Germany
Alfa Romeo,4C,2020,1.7,454,258,4.1,"67,150",Italy
Audi,RS5,2022,2.9,454,443,3.7,"77,250",Germany
BMW,M2 Competition,2021,3,454,406,4,"58,900",Germany
Chevrolet,Camaro ZL1,2021,6.2,454,650,3.5,"64,695",USA
Dodge,Charger SRT Hellcat,2022,6.2,454,650,3.6,"71,490",USA
Ford,GT,2022,3.5,454,550,2.8,"500,000",USA
Lexus,LC 500,2022,5,454,398,4.4,"92,950",Japan
Maserati,GranTurismo,2020,4.7,454,384,4.8,"150,400",Italy
Nissan,370Z Nismo,2021,3.7,454,276,4.6,"47,820",Japan
Rolls-Royce,Wraith,2022,6.8,454,605,4.4,"330,000",UK
Subaru,WRX STI,2021,2.5,454,290,4.6,"38,170",Japan
Tesla,Model S Plaid,2022,,454,1050,1.9,"131,190",USA
Porsche,Cayman GT4,2021,4,454,309,4.2,"102,000",Germany
Lamborghini,Aventador,2021,6.5,454,507,2.9,"393,695",Italy
Ferrari,Portofino,2022,3.9,454,413,3.3,"218,750",Italy
Audi,RS7,2021,4,454,590,3.5,"114,000",Germany
McLaren,600LT,2021,3.8,454,457,2.8,"256,500",UK
BMW,M2,2022,3,455,406,4,"58,900",Germany
Mercedes-Benz,AMG GT,2021,4,455,494,3.8,"118,500",Germany
Chevrolet,Camaro SS,2021,6.2,455,455,4.1,"40,590",USA
Ford,Mustang Mach 1,2021,5,455,420,4,"52,720",USA
Nissan,370Z Nismo,2021,3.7,455,276,4.6,"45,000",Japan
Porsche,Panamera Turbo,2022,4,455,604,3.1,"174,300",Germany
Lamborghini,Urus,2021,4,455,627,3.2,"222,004",Italy
Ferrari,SF90 Stradale,2022,4,455,590,2.5,"625,000",Italy
Audi,TT RS,2022,2.5,455,354,3.4,"67,895",Germany
McLaren,GT,2021,4,455,465,3.1,"210,000",UK
Dodge,Challenger SRT Hellcat,2021,6.2,455,656,3.5,"62,290",USA
Aston Martin,DBS Superleggera,2021,5.2,455,663,3.2,"304,995",UK
Jaguar,F-Type R,2021,5,455,516,3.5,"103,200",UK
Lexus,LC 500,2022,5,455,398,4.4,"93,050",Japan
Porsche,Cayman GT4,2022,4,455,309,4.2,"101,200",Germany
BMW,M2 Competition,2022,3,455,406,4,"59,895",Germany
Audi,RS 5 Coupe,2021,2.9,455,443,3.7,"75,100",Germany
Chevrolet,Camaro ZL1,2021,6.2,455,650,3.5,"64,195",USA
Lotus,Evora GT,2022,3.5,455,317,3.8,"105,000",UK
McLaren,GT,2021,4,455,465,3.1,"211,000",UK
Mercedes-Benz,SLS AMG Black Series,2014,6.2,455,468,3.5,"275,000",Germany
Bugatti,Chiron,2021,8,455,1180,2.4,"2,998,000",France
Koenigsegg,Jesko,2021,5,460,1015,2.5,"3,000,000",Sweden
Ferrari,SF90 Stradale,2021,4,460,590,2.5,"625,000",Italy
Lamborghini,Aventador SVJ,2020,6.5,460,531,2.8,"573,966",Italy
Rimac,C_Two,2022,Electric,460,1732,1.85,"2,400,000",Croatia
Pagani,Huayra Roadster BC,2021,6,460,774,2.5,"3,500,000",Italy
Pininfarina,Battista,2022,Electric,469,1696,1.9,"2,500,000",Italy
Acura,NSX,2022,3.5,469,476,2.9,"157,500",Japan
Aston Martin,Vantage,2021,4,469,505,3.5,"146,000",UK
Bentley,Continental GT,2022,4,469,568,3.9,"219,800",UK
Dodge,Challenger SRT Hellcat,2022,6.2,469,656,3.5,"70,000",USA
Jaguar,F-Type,2022,2,469,295,5.4,"61,600",UK
Kia,Stinger,2022,3.3,469,376,4.7,"52,200",South Korea
Lotus,Evora GT,2021,3.5,469,317,3.8,"100,450",UK
Maserati,GranTurismo,2021,4.7,469,384,4.8,"134,300",Italy
Porsche,718 Cayman GT4,2022,4,471,309,4.2,"102,550",Germany
Alfa Romeo,Giulia Quadrifoglio,2021,2.9,471,443,3.8,"76,400",Italy
Audi,RS7,2021,4,471,590,3.5,"114,000",Germany
BMW,M5,2022,4.4,471,553,3.2,"103,500",Germany
Chevrolet,Camaro ZL1,2022,6.2,471,650,3.5,"69,000",USA
Ford,GT,2022,3.5,471,550,3,"500,000",USA
Lamborghini,Aventador,2021,6.5,471,531,2.8,"417,826",Italy
McLaren,Artura,2021,3,471,531,3,"225,000",UK
Mercedes-Benz,SLS AMG,2021,4,471,516,3.6,"247,500",Germany
Nissan,370Z Nismo,2021,3.7,471,276,4.8,"45,790",Japan
Porsche,Taycan,2022,Electric,471,774,2.6,"79,900",Germany
Tesla,Model S,2022,Electric,471,1050,1.98,"119,000",USA
Aston Martin,DBS Superleggera,2022,5.2,471,664,3.2,"307,820",UK
Bentley,Continental GT,2022,4,471,568,3.4,"207,825",UK
Bugatti,Chiron,2021,8,471,1180,2.3,"2,998,000",France
McLaren,570S,2021,3.8,471,443,3.1,"202,500",UK
Porsche,Taycan Turbo S,2021,Electric,471,774,2.6,"185,000",Germany
Lamborghini,Aventador S,2021,6.5,471,509,2.9,"417,826",Italy
Ferrari,F8 Tributo,2022,3.9,471,568,2.8,"276,550",Italy
Audi,RS 7,2022,4,471,590,3.5,"114,000",Germany
BMW,M2 CS,2022,3,471,406,4,"84,595",Germany
Mercedes-Benz,SLS AMG,2021,6.2,471,468,3.2,"275,000",Germany
Chevrolet,Camaro ZL1,2021,6.2,471,650,3.5,"63,000",USA
Ford,GT,2022,3.5,471,550,3,"500,000",USA
Jaguar,F-Type,2021,5,471,516,3.5,"103,200",UK
Lotus,Evora GT,2021,3.5,471,317,3.8,"96,950",UK
Maserati,GranTurismo,2022,4.7,473,384,4.8,"134,300",Italy
McLaren,765LT,2021,4,473,590,2.8,"358,000",UK
Nissan,370Z,2021,3.7,473,270,5,"30,000",Japan
Pagani,Huayra,2021,6,473,738,3,"2,600,000",Italy
Porsche,Panamera Turbo S,2021,4,473,604,2.9,"180,000",Germany
Tesla,Model S Plaid,2021,Electric,473,1050,1.9,"131,100",USA
Aston Martin,DB11,2021,4,473,513,4,"201,495",UK
Dodge,Challenger Hellcat Redeye,2022,6.2,473,707,3.4,"82,190",USA
Lotus,Evora,2021,3.5,473,317,3.8,"96,950",UK
Acura,NSX,2021,3.5,473,476,2.7,"159,495",Japan
Alfa Romeo,Giulia Quadrifoglio,2021,2.9,473,443,3.8,"76,950",Italy
Bentley,Continental GT,2021,6,473,664,3.3,"202,500",UK
Jaguar,F-Type,2022,3,473,339,4.9,"70,100",UK
Koenigsegg,Jesko,2022,5,473,1015,2.5,"3,000,000",Sweden
Lexus,LC 500,2021,5,473,398,4.4,"92,950",Japan
Maserati,GranTurismo,2022,4.7,473,384,4.8,"132,795",Italy
McLaren,GT,2022,4,473,465,3.1,"215,500",UK
Mercedes-AMG,C 63 S Coupe,2022,4,480,516,3.7,"80,900",Germany
Porsche,718 Cayman,2021,2,480,280,4.9,"59,900",Germany
Rolls-Royce,Wraith,2021,6.8,480,605,4.3,"330,000",UK
Tesla,Roadster,2022,-,480,-,1.9,"200,000",USA
Chevrolet,Camaro SS,2021,6.2,480,455,4,"40,000",USA
Ford,GT,2022,3.5,480,550,3,"500,000",USA
Acura,NSX,2022,3.5,482,476,2.7,"157,500",Japan
Aston Martin,DB11,2021,5.2,485,516,3.7,"209,000",UK
Bentley,Continental GT,2022,4,490,568,3.9,"202,500",UK
Bugatti,Chiron,2021,8,490,1180,2.4,"3,000,000",France
Dodge,Challenger Hellcat,2022,6.2,490,656,3.5,"67,500",USA
Jaguar,F-Type,2021,5,490,516,3.5,"103,200",UK
Koenigsegg,Jesko,2022,5,495,1106,2.5,"2,800,000",Sweden
Lexus,LC,2021,5,495,398,4.4,"92,950",Japan
Lotus,Evora GT,2021,3.5,495,317,3.8,"104,200",UK
Maserati,GranTurismo,2021,4.7,500,384,4.7,"133,050",Italy
McLaren,570S,2021,3.8,500,443,3.1,"196,350",UK
Mercedes-Benz,AMG C63,2022,4,503,516,3.8,"69,900",Germany
Pagani,Huayra BC,2021,6,503,774,2.7,"2,600,000",Italy
Porsche,Cayman GT4,2022,4,503,309,4.2,"102,900",Germany
Rimac,Nevera,2022,Electric,503,1696,1.85,"2,400,000",Croatia
Rolls-Royce,Wraith,2021,6.7,503,605,4.4,"338,000",UK
Tesla,Roadster,2022,Electric,503,"10,000+",1.9,"200,000",USA
Acura,NSX,2022,3.5,503,476,2.7,"157,500",Japan
Aston Martin,Vantage,2021,4,503,505,3.5,"150,000",UK
Bentley,Continental GT,2021,6,503,664,3.6,"218,400",UK
Dodge,Challenger SRT Hellcat Redeye,2021,6.2,503,707,3.5,"73,000",USA
Jaguar,F-Type R,2022,5,503,516,3.5,"103,200",UK
Lexus,LC 500,2021,5,503,398,4.4,"92,950",Japan
Lotus,Evora GT,2021,3.5,503,317,3.8,"104,970",UK
Maserati,GranTurismo,2021,4.7,503,384,4.8,"132,400",Italy
Porsche,Cayman GT4,2021,4,503,309,4.2,"101,200",Germany
Tesla,Roadster,2023,Electric,503,737,< 1.9,"200,000",USA
Alpine,A110,2021,1.8,503,236,4.4,"71,500",France
Audi,RS7,2021,4,503,590,3.5,"114,000",Germany
BMW,M4,2021,3,503,406,4.1,"71,800",Germany
Chevrolet,Camaro ZL1,2021,6.2,503,650,3.5,"64,195",USA
Dodge,Viper,2017,8.4,503,600,3.3,"118,795",USA
Ferrari,Portofino,2021,3.9,503,560,3.5,"218,750",Italy
Jaguar,F-Type,2022,3,503,295,5.4,"61,600",UK
Lamborghini,Aventador SVJ,2021,6.5,503,531,2.8,"517,700",Italy
McLaren,600LT,2021,3.8,503,457,2.8,"240,000",UK
Aston Martin,DB11,2021,5.2,503,516,3.5,"221,400",UK
Bentley,Continental GT,2021,6,503,664,3.6,"202,500",UK
Bugatti,Chiron,2022,8,503,1180,2.4,"3,000,000",France
Dodge,Challenger SRT Hellcat,2021,6.2,503,656,3.5,"64,100",USA
Jaguar,F-Type R,2022,5,503,516,3.5,"103,200",UK
Koenigsegg,Jesko,2022,5,503,1015,2.5,"2,800,000",Sweden
Lexus,LC 500,2021,5,503,398,4.4,"92,950",Japan
Lotus,Evora GT,2021,3.5,503,317,3.8,"100,450",UK
Maserati,GranTurismo,2021,4.7,503,384,4.8,"150,980",Italy
McLaren,Artura,2022,3,503,531,3,"225,000",UK
Mercedes-AMG,C 63 S,2022,4,503,516,3.7,"81,550",Germany
Pagani,Huayra,2021,6,503,738,2.8,"3,500,000",Italy
Porsche,Cayman GT4,2021,4,503,309,4.2,"102,550",Germany
Rimac,C_Two,2022,,503,1696,1.8,"2,400,000",Croatia
Rolls-Royce,Wraith,2021,6.6,503,642,4.4,"330,000",UK
Tesla,Roadster,2022,,503,0,1.9,"200,000",USA
Toyota,Supra,2022,3,503,368,3.9,"43,090",Japan
Acura,NSX,2021,3.5,503,476,2.7,"157,500",Japan
Aston Martin,Vantage,2021,4,503,505,3.5,"146,000",UK
Bentley,Continental GT,2022,4,503,568,3.9,"207,825",UK
Dodge,Challenger SRT Hellcat,2021,6.2,505,656,3.5,"64,195",USA
Jaguar,F-Type,2022,3,505,339,4.8,"62,250",UK
Lexus,LC 500,2022,5,505,398,4.4,"92,000",Japan
Lotus,Evora GT,2021,3.5,505,317,3.8,"105,000",UK
Maserati,GranTurismo,2022,4.7,505,384,4.7,"134,300",Italy
McLaren,570S,2022,3.8,505,443,2.9,"204,550",UK
Porsche,Cayman GT4,2021,4,505,309,4.2,"102,000",Germany
Tesla,Model S Plaid,2021,Electric (tri-motor),505,1050,1.9,"141,190",USA
Audi,RS 5,2021,2.9,505,443,3.5,"75,100",Germany
BMW,M2 Competition,2022,3,505,406,4,"59,895",Germany
Chevrolet,Camaro ZL1,2021,6.2,523,650,3.5,"64,995",USA
Dodge,Viper ACR,2017,8.4,523,600,3.3,"126,190",USA
Ford,GT,2021,3.5,523,550,2.9,"500,000",USA
Porsche,Taycan 4S,2022,2.5,542,472,3.8,"102,900",Germany
Lamborghini,Aventador S,2021,6.5,542,509,2.9,"417,650",Italy
Aston Martin,DB11,2021,5.2,542,516,3.5,"205,000",UK
Alfa Romeo,Giulia Quadrifoglio,2022,2.9,542,443,3.8,"81,250",Italy
Audi,RS7 Sportback,2022,4,542,590,3.5,"115,045",Germany
BMW,M4 Competition,2021,3,542,479,3.9,"75,695",Germany
Chevrolet,Camaro SS,2022,6.2,542,455,4.1,"42,000",USA
Dodge,Charger Hellcat,2021,6.2,550,650,3.6,"71,490",USA
Ferrari,F8 Tributo,2021,3.9,562,568,2.9,"274,280",Italy
Ford,GT,2021,3.5,562,550,2.8,"500,000",USA
Jaguar,F-Type R,2021,5,562,516,3.5,"103,200",UK
Koenigsegg,Jesko Absolut,2022,5,562,1106,2.1,"2,800,000",Sweden
Lexus,LC 500,2021,5,562,398,4.4,"93,050",Japan
Lotus,Evija,2022,Electric,562,1254,2.5,"2,750,000",UK
McLaren,GT,2022,4,562,465,3.2,"210,000",UK
Mercedes-Benz,AMG GT Black Series,2021,4,562,590,3.2,"326,050",Germany
Porsche,Cayman GT4,2021,4,562,309,4.2,"102,500",Germany
Lamborghini,Aventador,2021,6.5,562,531,2.8,"417,650",Italy
Ferrari,Portofino,2021,3.9,562,560,3.3,"218,750",Italy
Audi,TT RS,2022,2.5,562,354,3.6,"69,000",Germany
McLaren,600LT Spider,2021,3.8,562,457,2.8,"256,500",UK
BMW,M4,2022,3,562,406,4.1,"72,800",Germany
Mercedes-Benz,AMG C 63,2022,4,562,516,3.8,"70,000",Germany
Chevrolet,Camaro SS 1LE,2021,6.2,562,455,4,"44,500",USA
Ford,Mustang Mach 1,2021,5,562,420,4,"51,000",USA
Nissan,370Z Nismo,2021,3.7,562,276,5.2,"45,000",Japan
Aston Martin,Vantage,2021,4,562,505,3.5,"146,000",UK
Bugatti,Chiron,2022,8,562,1180,2.4,"3,000,000",France
Koenigsegg,Jesko,2021,5,562,1106,2.5,"3,000,000",Sweden
Pagani,Huayra,2021,6,562,738,2.6,"2,600,000",Italy
McLaren,Speedtail,2021,4,562,848,2.5,"2,300,000",UK
Lamborghini,Sián,2021,6.5,562,531,2.8,"3,600,000",Italy
Rimac,C_Two,2021,Electric,562,1732,1.8,"2,400,000",Croatia
Porsche,Cayman,2022,2,562,280,4.9,"59,900",Germany
Lamborghini,Aventador,2021,6.5,562,531,2.8,"393,695",Italy
Ferrari,Portofino,2021,3.9,562,413,3.5,"215,000",Italy
Audi,RS 5,2022,2.9,563,443,3.7,"75,100",Germany
McLaren,GT,2021,4,563,465,3.1,"210,000",UK
BMW,Z4 M40i,2022,3,573,369,4.3,"63,700",Germany
Mercedes-Benz,SLC 43,2020,3,573,384,4.6,"62,000",Germany
Chevrolet,Camaro SS,2022,6.2,573,455,4.3,"42,500",USA
Ford,Mustang GT,2022,5,573,420,4.3,"36,120",USA
Nissan,370Z Nismo,2020,3.7,573,276,4.6,"45,790",Japan
Aston Martin,Vantage,2022,4,573,505,3.6,"146,000",UK
Bentley,Continental GT,2021,4,573,664,3.3,"220,000",UK
Porsche,718 Boxster,2022,2,573,280,4.9,"62,000",Germany
Lamborghini,Urus,2021,4,573,627,3.6,"222,004",Italy
Ferrari,F8 Spider,2021,3.9,573,568,2.9,"280,000",Italy
Audi,TT RS,2022,2.5,573,354,3.6,"69,900",Germany
McLaren,570S,2021,3.8,573,443,2.9,"208,800",UK
BMW,M4,2022,3,573,406,4,"72,800",Germany
Porsche,718 Cayman,2022,2,573,280,4.9,"60,500",Germany
Lamborghini,Aventador,2021,6.5,573,509,2.9,"393,695",Italy
Ferrari,SF90 Stradale,2022,4,573,590,2.5,"625,000",Italy
Audi,RS5,2022,2.9,575,443,3.7,"75,100",Germany
McLaren,GT,2021,4,575,465,3.2,"208,800",UK
BMW,M2,2022,3,575,406,4,"58,900",Germany
Mercedes-Benz,SLS AMG,2015,6.2,575,468,3.6,"229,000",Germany
Chevrolet,Camaro ZL1,2021,6.2,575,650,3.5,"62,000",USA
Ford,GT,2022,3.5,575,550,3,"500,000",USA
Nissan,370Z Nismo,2020,3.7,575,276,5.2,"46,200",Japan
Dodge,Challenger SRT Hellcat,2021,6.2,575,656,3.6,"71,000",USA
Aston Martin,DBS Superleggera,2021,5.2,575,663,3.2,"308,000",UK
Alfa Romeo,Giulia Quadrifoglio,2022,2.9,575,443,3.8,"80,500",Italy
Jaguar,F-Type R,2021,5,575,516,3.5,"105,900",UK
Lotus,Evora GT,2020,3.5,575,317,3.8,"96,950",UK
Maserati,GranTurismo,2019,4.7,575,384,4.7,"150,980",Italy
Porsche,Panamera Turbo S,2022,4,575,604,2.9,"180,800",Germany
Lamborghini,Urus,2021,4,577,627,3.2,"218,000",Italy
Aston Martin,Vantage,2021,4,577,505,3.5,"146,000",UK
Lotus,Evora,2021,3.5,577,317,3.8,"94,000",UK
Alfa Romeo,4C Spider,2020,1.7,577,258,4.1,"67,150",Italy
Jaguar,F-Type,2022,3,577,339,4.9,"70,900",UK
Maserati,GranTurismo,2021,4.7,583,384,4.7,"134,300",Italy
Porsche,Cayman GT4,2021,4,583,309,4.2,"100,200",Germany
Audi,RS5 Coupe,2022,2.9,591,443,3.7,"76,450",Germany
BMW,M2 Competition,2021,3,591,406,4,"58,900",Germany
Chevrolet,Camaro ZL1,2022,6.2,591,650,3.5,"64,000",USA
Dodge,Challenger SRT Hellcat,2022,6.2,591,656,3.5,"61,500",USA
Ford,GT,2021,3.5,591,550,2.8,"500,000",USA
Lexus,LC 500,2022,5,591,398,4.4,"92,950",Japan
McLaren,570S,2022,3.8,591,443,3.1,"198,950",UK
Mercedes-AMG,C63 S Coupe,2021,4,591,516,3.7,"77,950",Germany
Nissan,370Z Nismo,2021,3.7,591,276,4.9,"45,790",Japan
Porsche,718 Boxster,2021,2,591,280,4.9,"62,000",Germany
Lamborghini,Aventador S,2021,6.5,591,507,2.9,"417,826",Italy
Ferrari,F8 Tributo,2021,3.9,591,568,2.9,"274,280",Italy
Audi,TT RS Coupe,2021,2.5,591,354,3.6,"67,600",Germany
BMW,M4 Coupe,2021,3,591,406,3.8,"71,800",Germany
Acura,NSX,2021,3.5,591,476,2.7,"159,495",Japan
Aston Martin,DBS Superleggera,2022,5.2,591,664,3.4,"314,500",UK
Bentley,Continental GT,2022,6,591,664,3.3,"214,425",UK
Bugatti,Chiron,2022,8,591,1180,2.3,"3,000,000",France
Dodge,Challenger SRT Hellcat,2022,6.2,591,656,3.5,"71,490",USA
Jaguar,F-Type,2021,5,591,516,3.5,"105,900",UK
Koenigsegg,Jesko,2021,5,591,1106,2.5,"2,800,000",Sweden
Lexus,LC 500,2021,5,591,398,4.4,"92,950",Japan
Lotus,Evora GT,2021,3.5,591,317,3.8,"104,400",UK
Maserati,GranTurismo,2022,4.7,591,384,4.7,"150,980",Italy
McLaren,Artura,2022,3,591,531,3,"225,000",UK
Pagani,Huayra,2021,6,591,738,2.6,"2,600,000",Italy
Porsche,Cayman GT4,2022,4,591,309,4.2,"102,000",Germany
Rimac,C_Two,2021,Electric,591,1696,1.9,"2,400,000",Croatia
Rolls-Royce,Wraith,2021,6.8,591,605,4.4,"335,550",UK
Tesla,Model S Plaid,2021,Electric,591,1050,1.9,"141,990",USA
Toyota,GR Supra,2022,3,591,368,3.9,"43,090",Japan
TVR,Griffith,2021,5,591,420,3.9,"157,500",UK
Ultima,RS,2021,6.2,591,1300,2.3,"220,000",UK
W Motors,Fenyr SuperSport,2022,3.8,591,723,2.7,"1,550,000",UAE
Acura,NSX,2021,3.5,591,476,2.9,"157,500",Japan
Aston Martin,DBS Superleggera,2022,5.2,591,663,3.2,"308,000",UK
Bentley,Continental GT,2021,6,591,664,3.6,"202,500",UK
Bugatti,Chiron,2021,8,591,1180,2.3,"3,000,000",France
Dodge,Challenger SRT Hellcat,2021,6.2,591,656,3.5,"65,000",USA
Jaguar,F-Type,2021,3,592,339,4.9,"63,100",UK
Lexus,LC 500,2021,5,592,398,4.4,"92,950",Japan
Lotus,Evija,2022,Electric,592,1254,2.5,"2,600,000",UK
Maserati,GranTurismo,2021,4.7,592,384,4.8,"134,300",Italy
Porsche,Taycan,2021,Electric,592,774,2.6,"185,000",Germany
Rimac,C_Two,2022,Electric,592,1696,1.9,"2,400,000",Croatia
Tesla,Model S Plaid,2022,Electric,592,1050,1.98,"140,000",USA
McLaren,Artura,2022,3,592,531,3,"225,000",UK
Mercedes-Benz,AMG GT Black Series,2021,4,592,590,3.1,"325,000",Germany
Chevrolet,Camaro ZL1,2021,6.2,592,650,3.5,"63,000",USA
Ford,GT,2021,3.5,600,550,3,"500,000",USA
Aston Martin,DBS Superleggera,2021,5.2,600,664,3.4,"307,820",UK
Jaguar,F-Type,2022,5,600,516,3.5,"103,200",UK
Dodge,Challenger SRT Hellcat Redeye,2021,6.2,600,707,3.5,"80,190",USA
Lotus,Evora GT,2022,3.5,600,317,3.8,"105,000",UK
Alfa Romeo,4C Spider,2020,1.8,600,258,4.1,"68,745",Italy
Subaru,WRX STI,2022,2.5,600,290,5.2,"38,170",Japan
Acura,NSX,2022,3.5,600,476,2.7,"157,500",Japan
Koenigsegg,Jesko,2021,5,600,1015,2.5,"2,800,000",Sweden
Tesla,Model S Plaid,2022,Electric,600,1050,1.98,"139,990",USA
Bugatti,Chiron Super Sport 300+,2022,8,600,1180,2.3,"5,200,000",France
McLaren,Senna,2020,4,603,590,2.7,"1,500,000",UK
Porsche,Taycan Turbo S,2022,Electric,603,774,2.6,"185,000",Germany
Mercedes-Benz,SLS AMG Black Series,2014,6.2,603,468,3.5,"275,000",Germany
Lexus,LC 500,2022,5,603,398,4.4,"93,050",Japan
Chevrolet,Camaro ZL1,2022,6.2,611,650,3.5,"65,000",USA
Audi,RS 7 Sportback,2022,4,611,590,3.5,"114,000",Germany
Ford,GT,2022,3.5,611,550,3,"500,000",USA
BMW,M2 CS,2022,3,612,406,3.8,"84,595",Germany
Porsche,Cayman GT4,2022,4,612,309,4.2,"102,550",Germany
Lamborghini,Aventador,2022,6.5,612,531,2.8,"393,695",Italy
Aston Martin,Vantage,2021,4,612,505,3.6,"146,000",UK
Lotus,Evora GT,2021,3.5,612,317,3.8,"96,950",UK
Porsche,Panamera Turbo S,2021,4,612,604,2.9,"180,000",Germany
Lamborghini,Aventador S,2022,6.5,612,507,2.9,"460,247",Italy
Ferrari,SF90 Stradale,2021,4,612,590,2.5,"625,000",Italy
Audi,RS 6 Avant,2022,4,612,590,3.1,"110,045",Germany
McLaren,570S,2021,3.8,612,443,3.1,"192,500",UK
BMW,M5,2022,4.4,612,553,3.2,"103,500",Germany
Mercedes-Benz,AMG C 63 S,2021,4,612,516,3.7,"77,400",Germany
Chevrolet,Camaro ZL1,2021,6.2,612,650,3.5,"64,695",USA
Dodge,Challenger SRT Hellcat,2021,6.2,612,656,3.5,"64,195",USA
Ford,GT,2021,3.5,612,550,3,"500,000",USA
Nissan,370Z Nismo,2020,3.7,612,276,5,"46,815",Japan
Porsche,Cayman GT4,2021,4,612,309,4.2,"102,550",Germany
Audi,TT RS,2021,2.5,612,354,3.6,"67,895",Germany
Chevrolet,Corvette Z06,2023,5.5,612,650,2.6,"85,000",USA
Lamborghini,Urus,2022,4,612,626,3.2,"218,009",Italy
Mercedes-Benz,AMG GT 63 S,2021,4,612,664,3.1,"162,900",Germany
Ferrari,Portofino M,2022,3.9,612,560,3.5,"245,000",Italy
Bugatti,Chiron,2021,8,612,1180,2.5,"3,000,000",France
Aston Martin,DBS Superleggera,2021,5.2,616,664,3.4,"304,995",UK
Lotus,Evora GT,2021,3.5,616,317,3.8,"100,450",UK
Porsche,Cayman GT4,2022,4,617,309,4.2,"100,200",Germany
Acura,NSX,2021,3.5,617,476,2.7,"157,500",Japan
Lexus,LC,2021,5,617,398,4.4,"92,950",Japan
Alfa Romeo,Giulia Quadrifoglio,2021,2.9,620,443,3.8,"74,750",Italy
Audi,RS7,2021,4,620,590,3.5,"114,000",Germany
Bentley,Continental GT,2021,6,620,664,3.3,"218,400",UK
BMW,M5,2021,4.4,620,553,3.2,"103,500",Germany
Chevrolet,Camaro ZL1,2021,6.2,620,650,3.5,"64,695",USA
Dodge,Challenger Hellcat,2021,6.2,620,656,3.5,"70,595",USA
Ford,GT,2022,3.5,620,550,3,"500,000",USA
Jaguar,F-Type R,2021,5,620,516,3.5,"103,200",UK
Lamborghini,Aventador,2021,6.5,620,509,2.9,"393,695",Italy
McLaren,570S,2021,3.8,620,443,3.1,"203,500",UK
Mercedes-Benz,SLS AMG,2015,6.2,621,479,3.6,"221,580",Germany
Nissan,370Z Nismo,2020,3.7,622,276,4.7,"47,190",Japan
Porsche,Boxster,2021,2,622,280,4.9,"62,000",Germany
Porsche,718 Cayman,2022,2,622,280,4.9,"61,500",Germany
Lamborghini,Aventador,2021,6.5,622,531,2.9,"393,695",Italy
Ferrari,Roma,2021,3.9,622,561,3.3,"222,630",Italy
Audi,RS 5,2022,2.9,622,442,3.5,"75,400",Germany
McLaren,570S,2020,3.8,622,443,3.1,"208,000",UK
BMW,M2,2022,3,622,406,4.2,"58,900",Germany
Mercedes-Benz,SL,2022,3,622,384,4.9,"96,250",Germany
Chevrolet,Camaro,2021,6.2,622,455,4,"25,000",USA
Ford,GT,2022,3.5,622,550,3,"500,000",USA
Nissan,370Z Nismo,2021,3.7,622,276,5,"45,000",Japan
Aston Martin,DBS Superleggera,2021,5.2,622,664,3.4,"307,820",UK
Lotus,Evora GT,2021,3.5,622,317,3.8,"100,450",UK
Maserati,GranTurismo,2021,4.7,622,384,4.7,"134,300",Italy
Porsche,Panamera,2022,2.9,622,331,5.2,"88,550",Germany
Lamborghini,Urus,2021,4,622,627,3.6,"218,009",Italy
Ferrari,SF90 Stradale,2021,4,624,590,2.5,"625,000",Italy
Audi,RS 6,2022,4,624,590,3.5,"109,000",Germany
McLaren,Artura,2022,3,624,531,3,"225,000",UK
Porsche,Taycan 4S,2021,Electric (93 kWh),624,472,3.8,"103,800",Germany
Lamborghini,Aventador S,2021,6.5,624,509,2.9,"417,650",Italy
Ferrari,SF90 Stradale,2021,4,624,590,2.5,"625,000",Italy
Audi,RS 7,2022,4,624,590,3.5,"117,000",Germany
McLaren,570S,2021,3.8,624,443,3.1,"192,500",UK
BMW,M4,2021,3,625,406,4,"72,800",Germany
Mercedes-Benz,SLS AMG,2015,6.2,626,468,3.5,"228,000",Germany
Chevrolet,Camaro SS,2021,6.2,626,455,4,"42,000",USA
Ford,GT,2021,3.5,626,550,3,"500,000",USA
Nissan,370Z Nismo,2021,3.7,626,276,5,"48,000",Japan
Aston Martin,DBS Superleggera,2021,5.2,626,664,3.2,"307,820",UK
Lexus,LC 500,2021,5,626,398,4.4,"93,000",Japan
Bentley,Continental GT,2021,4,626,664,3.3,"202,500",UK
Maserati,GranTurismo,2021,4.7,626,384,4.7,"150,980",Italy
Tesla,Model S Plaid,2022,Electric (100 kWh),626,1050,1.98,"131,190",USA
Rolls-Royce,Dawn,2021,6.6,626,605,4.3,"346,300",UK
Bugatti,Chiron Pur Sport,2021,8,626,1180,2.3,"3,599,000",France
McLaren,Senna,2019,4,626,590,2.7,"1,050,000",UK
Porsche,Panamera Turbo S E-Hybrid,2021,Hybrid (4.0),626,641,3,"186,350",Germany
Acura,NSX,2021,3.5,626,476,2.7,"157,500",Japan
Aston Martin,DB11,2021,4,626,498,3.7,"205,600",UK
Audi,RS7,2021,4,626,590,3.5,"114,000",Germany
Bentley,Continental GT,2021,6,626,664,3.6,"201,000",UK
Bugatti,Chiron,2021,8,630,1180,2.5,"3,000,000",France
Chevrolet,Camaro ZL1,2022,6.2,630,650,3.5,"67,000",USA
Dodge,Challenger Hellcat,2021,6.2,630,656,3.5,"64,000",USA
Ferrari,812 Superfast,2021,6.5,630,530,2.8,"340,000",Italy
Lamborghini,Aventador SVJ,2021,6.5,630,531,2.8,"517,770",Italy
McLaren,600LT Spider,2021,3.8,630,457,2.8,"256,500",UK
Mercedes-AMG,GT Black Series,2021,4,630,590,3.1,"325,000",Germany
Nissan,400Z,2023,3,630,350,4,"40,000",Japan
Porsche,Cayman GT4,2021,4,630,309,4.2,"101,000",Germany
Rimac,Nevera,2021,Electric,630,1696,1.9,"2,400,000",Croatia
Rolls-Royce,Wraith,2021,6.8,630,605,4.4,"330,000",UK
Tesla,Model S Plaid,2021,Electric,630,,1.9,"139,990",USA
Toyota,Supra,2021,3,630,368,3.9,"43,000",Japan
Porsche,718 Boxster,2021,2,630,280,4.9,"62,000",Germany
Porsche,718 Boxster,2022,2,630,280,4.9,"62,000",Germany
Lamborghini,Aventador S,2021,6.5,640,509,2.9,"417,826",Italy
Ferrari,SF90 Stradale,2022,4,641,590,2.5,"625,000",Italy
Audi,RS 7,2022,4,641,590,3.5,"114,000",Germany
McLaren,Artura,2021,3,641,531,3,"225,000",UK
BMW,M2,2022,3,641,406,4.1,"58,900",Germany
Mercedes-Benz,SLS AMG,2015,6.2,641,479,3.6,"221,580",Germany
Chevrolet,Camaro ZL1,2021,6.2,641,650,3.5,"64,695",USA
Ford,GT,2022,3.5,641,550,3,"500,000",USA
Nissan,370Z Nismo,2021,3.7,641,276,4.8,"45,000",Japan
Dodge,Charger Hellcat,2021,6.2,641,650,3.6,"69,995",USA
Aston Martin,DBS Superleggera,2021,5.2,641,663,3.2,"305,000",UK
Alfa Romeo,Giulia Quadrifoglio,2021,2.9,641,443,3.8,"75,000",Italy
Audi,TT RS,2021,2.5,641,354,3.6,"68,000",Germany
Bentley,Continental GT,2021,6,641,664,3.6,"203,825",UK
BMW,M5,2022,4.4,641,553,3.2,"103,500",Germany
Chevrolet,Corvette Stingray,2021,6.2,641,470,2.9,"58,900",USA
Dodge,Challenger SRT Hellcat,2021,6.2,641,656,3.5,"63,000",USA
Ford,Mustang GT,2022,5,641,420,4,"45,000",USA
Porsche,Cayman,2022,2,641,280,4.9,"59,900",Germany
Lamborghini,Aventador,2021,6.5,641,531,2.8,"417,826",Italy
Ferrari,Roma,2022,3.9,641,560,3.3,"222,630",Italy
Audi,RS7,2022,4,645,590,3.5,"114,000",Germany
McLaren,570S,2021,3.8,645,443,2.7,"204,995",UK
BMW,M4,2022,3,645,406,4.1,"71,800",Germany
Mercedes-Benz,SLS AMG,2021,6.2,647,468,3.5,"243,600",Germany
Chevrolet,Camaro SS,2021,6.2,647,455,4,"42,000",USA
Ford,GT,2022,3.5,647,550,2.8,"500,000",USA
Nissan,370Z Nismo,2021,3.7,647,276,5,"47,190",Japan
Porsche,Panamera,2022,2.9,650,331,5.4,"88,550",Germany
Lamborghini,Urus,2021,4,650,627,3.2,"218,000",Italy
Ferrari,SF90 Stradale,2021,4,650,590,2.5,"625,000",Italy
Audi,RS6,2022,4,650,590,3.5,"113,000",Germany
McLaren,Artura,2021,3,650,531,3,"225,000",UK
BMW,M2,2022,3,650,406,4,"58,900",Germany
Mercedes-Benz,GT 63,2021,4,650,590,3.3,"161,200",Germany
Chevrolet,Camaro ZL1,2021,6.2,650,650,3.5,"63,000",USA
Aston Martin,DBS Superleggera,2021,5.2,650,663,3.2,"310,000",UK
Bugatti,Chiron,2022,8,650,1180,2.4,"3,000,000",France
Koenigsegg,Jesko,2021,5,650,1106,2.5,"2,800,000",Sweden
Pagani,Huayra,2021,6,650,737,3,"2,600,000",Italy
Rimac,C_Two,2022,,650,1696,1.85,"2,400,000",Croatia
McLaren,Senna,2021,4,650,590,2.7,"1,000,000",UK
Porsche,918 Spyder,2015,4.6,650,944,2.2,"1,800,000",Germany
Ferrari,SF90 Stradale,2021,4,650,590,2.5,"625,000",Italy
Lamborghini,Aventador SVJ,2020,6.5,650,531,2.8,"517,000",Italy
Audi,RS 6 Avant,2021,4,650,590,3.5,"110,000",Germany
Bentley,Continental GT Speed,2022,6,650,664,3.5,"300,000",UK
Chevrolet,Camaro ZL1,2021,6.2,650,650,3.5,"68,000",USA
Dodge,Challenger SRT Hellcat,2021,6.2,650,656,3.5,"65,000",USA
Ford,GT,2021,3.5,650,550,2.9,"500,000",USA
Lexus,LC 500,2022,5,650,398,4.4,"92,000",Japan
Lotus,Evija,2022,,650,1254,2.5,"2,700,000",UK
Mercedes-AMG,GT Black Series,2021,4,650,590,3.1,"330,000",Germany
Aston Martin,DB11,2021,4,650,513,3.9,"205,000",UK
Bentley,Continental GT,2022,4,650,568,3.9,"229,000",UK
Jaguar,F-Type,2022,2,650,295,5.4,"62,750",UK
Lotus,Evora GT,2021,3.5,650,317,3.8,"100,000",UK
Maserati,GranTurismo,2021,4.7,650,384,4.7,"135,000",Italy
Porsche,Boxster,2022,2,650,280,4.9,"63,000",Germany
Alfa Romeo,4C,2020,1.8,660,258,4.2,"67,150",Italy
Chevrolet,Camaro,2022,6.2,660,455,4,"62,195",USA
Dodge,Challenger,2022,3.6,660,268,6.4,"28,000",USA
Ford,GT,2022,3.5,660,550,2.9,"500,000",USA
Audi,RS7,2022,4,660,590,3.5,"115,045",Germany
BMW,M4,2022,3,660,406,4.1,"71,800",Germany
Lamborghini,Aventador,2021,6.5,660,507,2.9,"393,695",Italy
Mercedes-Benz,AMG C 63,2021,4,660,479,3.8,"69,900",Germany
Nissan,370Z,2021,3.7,660,276,5.3,"30,090",Japan
Porsche,Cayman,2022,2,660,280,4.9,"68,000",Germany
BMW,i8,2022,1.5,660,184,4.2,"147,500",Germany
Chevrolet,Corvette Stingray,2021,6.2,660,470,2.9,"58,900",USA
Porsche,Taycan Turbo S,2022,Electric,660,774,2.6,"185,000",Germany
Lamborghini,Aventador S,2021,6.5,660,507,2.9,"417,650",Italy
Ferrari,SF90 Stradale,2022,4,660,590,2.5,"625,000",Italy
Audi,RS7,2022,4,660,590,3.5,"115,000",Germany
McLaren,GT,2022,4,660,465,3.1,"208,000",UK
BMW,M5,2022,4.4,660,553,3.2,"103,500",Germany
Mercedes-Benz,SLS AMG,2021,4,660,590,2.9,"250,000",Germany
Chevrolet,Camaro ZL1,2021,6.2,660,650,3.5,"63,000",USA
Ford,GT,2022,3.5,660,550,2.8,"500,000",USA
Nissan,370Z Nismo,2021,3.7,660,276,5,"46,100",Japan
Porsche,Panamera Turbo S,2022,4,660,604,3.1,"180,000",Germany
Lamborghini,Urus,2021,4,660,627,3.2,"218,000",Italy
Ferrari,Portofino,2022,3.9,660,561,3.4,"250,000",Italy
Audi,TT RS,2022,2.5,660,354,3.6,"70,000",Germany
McLaren,570S,2021,3.8,660,443,3.1,"200,000",UK
BMW,i8,2022,Hybrid,660,184,4.2,"148,500",Germany
Porsche,718 Cayman,2022,2,660,280,4.9,"61,500",Germany
Lamborghini,Aventador,2021,6.5,660,531,2.8,"417,826",Italy
Ferrari,Portofino,2022,3.9,661,561,3.3,"245,000",Italy
Audi,TT RS,2022,2.5,661,354,3.6,"67,800",Germany
McLaren,GT,2022,4,671,465,3.1,"211,300",UK
BMW,M4,2022,3,671,406,4.1,"71,800",Germany
Mercedes-Benz,SLS AMG,2015,6.2,671,468,3.5,"222,500",Germany
Chevrolet,Camaro SS,2022,6.2,671,455,4,"43,995",USA
Ford,GT,2022,3.5,671,550,2.9,"500,000",USA
Nissan,370Z Nismo,2021,3.7,671,276,4.8,"45,790",Japan
Porsche,911 Turbo S,2022,3.8,671,590,2.6,"208,000",Germany
McLaren,765LT,2021,4,671,590,2.8,"358,000",UK
Lamborghini,Urus,2021,4,671,627,3.6,"218,009",Italy
Mercedes-AMG,GT Black Series,2021,4,671,590,3.1,"325,000",Germany
BMW,M5 Competition,2022,4.4,671,553,3.1,"103,500",Germany
Audi,RS7,2022,4,671,590,3.5,"115,000",Germany
Aston Martin,Vantage,2022,4,689,505,3.5,"152,995",UK
Ferrari,F8 Spider,2021,3.9,689,568,2.9,"274,280",Italy
Lexus,LC 500,2022,5,690,398,4.4,"102,550",Japan
Porsche,Taycan,2022,,690,479,3.8,"79,900",Germany
Lamborghini,Aventador SVJ,2021,6.5,690,531,2.8,"517,770",Italy
Ferrari,SF90 Stradale,2021,4,707,590,2.5,"625,000",Italy
Audi,RS6 Avant,2021,4,710,590,3.5,"109,000",Germany
McLaren,600LT Spider,2021,3.8,710,457,2.8,"256,500",UK
BMW,M4,2022,3,710,406,3.8,"71,800",Germany
Mercedes-Benz,AMG GT R,2021,4,710,516,3.5,"180,000",Germany
Chevrolet,Camaro ZL1,2021,6.2,710,650,3.5,"64,695",USA
Ford,GT,2022,3.5,710,550,3,"500,000",USA
Nissan,370Z Nismo,2021,3.7,710,276,5,"48,000",Japan
Porsche,Panamera Turbo S E-Hybrid,2021,4,710,642,3,"190,000",Germany
Lamborghini,Urus,2021,4,710,627,3.5,"218,000",Italy
Ferrari,Portofino M,2021,3.9,710,561,3.4,"235,000",Italy
Audi,TT RS,2022,2.5,710,354,3.6,"67,600",Germany
McLaren,Artura,2022,3,710,531,3,"225,000",UK
BMW,M2 CS,2022,3,710,406,3.8,"84,595",Germany
Mercedes-Benz,SLS AMG Black Series,2021,6.2,710,468,3.5,"335,000",Germany
Chevrolet,Camaro SS,2021,6.2,715,455,4,"42,000",USA
Porsche,718 Boxster,2022,2,715,280,4.9,"63,000",Germany
Lamborghini,Aventador SVJ,2020,6.5,715,531,2.8,"573,966",Italy
Ferrari,SF90 Stradale,2022,4,715,590,2.5,"625,000",Italy
Audi,TT RS Coupe,2022,2.5,715,354,3.5,"68,000",Germany
McLaren,GT,2020,4,715,465,3.1,"210,000",UK
BMW,Z4 Roadster,2022,2,715,295,5.2,"50,000",Germany
Mercedes-Benz,SLS AMG,2015,6.2,715,468,3.6,"200,000",Germany
Chevrolet,Camaro SS Convertible,2022,6.2,715,455,4,"49,000",USA
Ford,GT,2021,3.5,715,550,2.9,"500,000",USA
Nissan,370Z Coupe,2020,3.7,715,270,5,"30,090",Japan
Aston Martin,Vantage,2021,4,715,505,3.6,"142,086",UK
Bentley,Continental GT,2022,6,715,664,3.3,"225,000",UK
Bugatti,Chiron,2021,8,715,1180,2.4,"3,000,000",France
Dodge,Challenger SRT Hellcat,2022,6.2,715,656,3.5,"68,000",USA
Jaguar,F-Type,2022,2,715,295,5.4,"63,700",UK
Lotus,Evora GT,2021,3.5,715,317,3.8,"100,000",UK
Maserati,GranTurismo,2022,4.7,717,384,4.7,"150,980",Italy
Aston Martin,DBS Superleggera,2021,5.2,717,664,3.2,"304,995",UK
Lotus,Evora GT,2021,3.5,717,317,3.8,"98,395",UK
Porsche,Panamera Turbo S E-Hybrid,2021,4,717,642,3,"190,000",Germany
Lamborghini,Aventador SVJ,2021,6.5,717,531,2.8,"517,000",Italy
Ferrari,SF90 Stradale,2021,4,717,590,2.5,"625,000",Italy
Audi,RS7,2022,4,717,590,3.5,"117,000",Germany
Mercedes-Benz,S63 AMG,2021,4,717,664,3.4,"168,000",Germany
Chevrolet,Camaro ZL1,2021,6.2,717,650,3.5,"64,500",USA
Ford,GT,2021,3.5,717,550,2.8,"500,000",USA
Nissan,370Z Nismo,2021,3.7,717,276,4.7,"46,000",Japan
Porsche,718 Cayman GT4,2022,4,717,309,4.2,"102,000",Germany
Mercedes-AMG,C63 S Coupe,2021,4,717,516,3.7,"77,500",Germany
Aston Martin,Vantage,2021,4,717,505,3.5,"147,000",UK
McLaren,570S,2021,3.8,717,443,3.1,"193,000",UK
BMW,M5,2022,4.4,717,553,3.2,"103,500",Germany
Dodge,Challenger SRT Hellcat,2021,6.2,717,656,3.5,"64,000",USA
Lexus,LC 500,2021,5,717,398,4.4,"92,950",Japan
Mercedes-AMG,GT 63 S,2021,4,717,664,3.1,"162,000",Germany
Audi,TT RS,2021,2.5,717,354,3.6,"67,600",Germany
Acura,NSX,2021,3.5,717,476,2.9,"157,500",Japan
Porsche,Cayman GT4,2021,4,717,309,4.2,"102,000",Germany
Lamborghini,Aventador S,2021,6.5,717,509,2.9,"417,826",Italy
Ferrari,SF90 Stradale,2021,4,717,590,2.5,"625,000",Italy
Audi,RS 5,2022,2.9,717,443,3.5,"76,700",Germany
McLaren,570S Spider,2020,3.8,717,443,3.1,"208,800",UK
BMW,M2 Competition,2022,3,720,406,4.2,"58,900",Germany
Mercedes-Benz,C 63 AMG,2022,4,720,479,3.9,"69,000",Germany
Chevrolet,Camaro SS,2021,6.2,720,455,4,"42,000",USA
Ford,Mustang GT,2022,5,720,420,4.5,"43,000",USA
Dodge,Challenger R/T,2021,5.7,720,400,5.1,"35,000",USA
Aston Martin,Vantage,2021,4,720,505,3.6,"151,000",UK
Lotus,Evora GT,2021,3.5,720,317,3.8,"105,000",UK
Alfa Romeo,4C Spider,2020,1.7,729,258,4.1,"69,000",Italy
Jaguar,F-Type,2022,2,729,295,5.4,"62,500",UK
Tesla,Roadster,2022,Electric,729,737,1.9,"200,000",USA
Koenigsegg,Jesko,2022,5,729,1106,2.5,"3,000,000",Sweden
Bugatti,Chiron Super Sport 300+,2021,8,729,1180,2.4,"5,200,000",France
Rimac,Nevera,2021,Electric,729,1696,1.85,"2,400,000",Croatia
Porsche,Cayman GT4,2022,4,729,309,4.2,"102,100",Germany
Chevrolet,Camaro ZL1,2022,6.2,730,650,3.5,"63,000",USA
Aston Martin,Vantage,2021,4,730,505,3.5,"142,086",UK
Alfa Romeo,Giulia Quadrifoglio,2022,2.9,730,443,3.8,"83,250",Italy
Dodge,Challenger SRT Hellcat,2021,6.2,730,656,3.5,"65,000",USA
Lexus,LC 500,2022,5,730,398,4.4,"93,050",Japan
Audi,RS 7 Sportback,2021,4,730,590,3.5,"114,000",Germany
BMW,M4 Competition,2022,3,730,479,3.8,"74,700",Germany
Mercedes-Benz,C63 S AMG,2022,4,730,516,3.9,"77,600",Germany
Ford,GT,2022,3.5,730,550,2.9,"500,000",USA
McLaren,GT,2021,4,730,465,3.1,"210,000",UK
Porsche,Panamera Turbo S,2022,4,730,604,2.9,"181,100",Germany
Lamborghini,Aventador S,2021,6.5,730,507,2.9,"417,826",Italy
Aston Martin,DBS Superleggera,2022,5.2,730,664,3.2,"329,100",UK
Audi,TT RS,2022,2.5,730,354,3.6,"67,600",Germany
Mercedes-Benz,AMG C43 Coupe,2021,3,730,384,4.5,"59,900",Germany
BMW,i8,2022,1.5,730,184,4.2,"147,500",Germany
Chevrolet,Corvette Stingray,2021,6.2,750,465,2.9,"59,900",USA
Porsche,Taycan,2022,2.0 (Electric),750,263,3.8,"81,250",Germany
Lamborghini,Aventador,2021,6.5,750,509,2.9,"517,000",Italy
Ferrari,Roma,2021,3.9,750,560,3.3,"222,620",Italy
Audi,RS7,2022,4,750,590,3.5,"115,000",Germany
McLaren,GT,2021,4,750,465,3.1,"210,000",UK
BMW,M2,2022,3,750,406,4.2,"58,900",Germany
Mercedes-Benz,C63 AMG,2021,4,755,479,3.9,"77,000",Germany
Chevrolet,Camaro SS,2021,6.2,755,455,4.1,"43,995",USA
Ford,Mustang Mach 1,2021,5,759,420,4.1,"51,720",USA
Nissan,370Z Nismo,2021,3.7,759,276,4.8,"46,610",Japan
Porsche,Panamera,2022,2.9,759,331,5.3,"88,550",Germany
Lamborghini,Urus,2021,4,759,627,3.6,"218,009",Italy
Ferrari,SF90 Stradale,2021,4.0 (Hybrid),759,590,2.5,"625,000",Italy
Audi,RS6,2022,4,759,590,3.5,"120,000",Germany
McLaren,570S,2021,3.8,759,443,3.1,"192,500",UK
BMW,M4,2022,3,759,479,3.8,"74,000",Germany
Mercedes-Benz,AMG A45,2021,2,759,354,4,"50,000",Germany
Chevrolet,Camaro ZL1,2021,6.2,760,650,3.5,"63,995",USA
Acura,NSX,2021,3.5,760,476,2.7,"157,500",Japan
Aston Martin,Vantage,2021,4,764,505,3.5,"142,086",UK
Bentley,Continental GT,2021,4,764,568,3.3,"202,500",UK
Bugatti,Chiron,2022,8,764,1180,2.4,"2,900,000",France
Ferrari,F8 Tributo,2022,3.9,764,568,2.8,"275,000",Italy
Lamborghini,Aventador,2021,6.5,764,509,2.9,"517,000",Italy
McLaren,GT,2021,4,764,465,3.1,"201,500",UK
Mercedes-Benz,AMG GT R,2021,4,764,516,3.5,"183,000",Germany
Porsche,Taycan Turbo S,2021,Electric,770,774,2.6,"185,000",Germany
Audi,RS7,2021,4,770,590,3.5,"114,000",Germany
BMW,M4,2021,3,770,406,4.1,"71,800",Germany
Chevrolet,Camaro ZL1,2021,6.2,770,650,3.5,"63,000",USA
Dodge,Challenger SRT Hellcat Redeye,2022,6.2,770,707,3.5,"80,190",USA
Ford,GT,2022,3.5,770,550,2.8,"500,000",USA
Jaguar,F-Type,2021,3,770,339,4.4,"62,750",UK
Lexus,LC 500,2021,5,770,398,4.4,"92,000",Japan
Lotus,Evija,2021,Electric,770,1254,2.8,"2,800,000",UK
Maserati,GranTurismo,2021,Electric,770,,2.8,"200,000",Italy
Nissan,370Z,2021,3.7,770,270,5,"30,090",Japan
Rolls-Royce,Ghost,2021,6.8,770,627,4.6,"332,500",UK
Porsche,Taycan,2021,2,770,254,5.1,"81,250",Germany
Aston Martin,DB11,2021,4,780,516,3.7,"198,995",UK
Lotus,Evora GT,2021,3.5,789,317,3.8,"105,000",UK
Acura,NSX,2022,3.5,789,476,2.7,"157,500",Japan
Tesla,Roadster,2022,0,789,"7,376",1.9,"200,000",USA
Chevrolet,Camaro,2022,6.2,789,455,4,"25,000",USA
Dodge,Charger,2021,6.2,789,707,3.3,"72,000",USA
Jaguar,F-Type,2021,3,789,339,4.9,"62,750",UK
Lexus,LC 500,2021,5,791,398,4.4,"93,000",Japan
BMW,M4,2022,3,791,406,4.1,"71,800",Germany
Ford,GT,2021,3.5,797,550,2.9,"500,000",USA
Maserati,GranTurismo,2021,4.7,797,384,4.7,"150,980",Italy
McLaren,600LT,2021,3.8,797,457,2.8,"256,500",UK
Mercedes-Benz,SLS AMG,2021,6.2,797,468,3.6,"254,995",Germany
Nissan,370Z,2021,3.7,797,270,5.2,"30,000",Japan
Audi,RS 7,2021,4,797,590,3.4,"114,000",Germany
Bentley,Continental GT,2021,4,797,568,3.9,"220,000",UK
Bugatti,Chiron,2021,8,797,"1,180",2.4,"3,000,000",France
Porsche,Cayman,2022,2,800,280,4.5,"59,900",Germany
Aston Martin,Vantage,2021,4,800,505,3.5,"147,000",UK
Alfa Romeo,4C Spider,2020,1.7,819,258,4.1,"67,150",Italy
Audi,RS 5,2022,2.9,887,443,3.5,"75,100",Germany
BMW,M2,2022,3,986,406,4,"58,900",Germany
Dodge,Challenger SRT Hellcat,2021,6.2,986,656,3.5,"60,695",USA
Ferrari,F8 Spider,2022,3.9,986,568,2.9,"274,390",Italy
Jaguar,F-Type,2021,3,986,295,5.4,"64,700",UK
Lamborghini,Aventador,2021,6.5,986,531,2.9,"517,770",Italy
Lexus,LC 500,2022,5,986,398,4.4,"92,950",Japan
Lotus,Evora GT,2021,3.5,986,317,3.8,"99,990",UK
Maserati,GranTurismo,2021,4.7,986,384,4.7,"150,800",Italy
McLaren,GT,2021,4,986,465,3.1,"210,000",UK
Mercedes-Benz,AMG C 63,2021,4,986,479,3.8,"67,600",Germany
Nissan,370Z Nismo,2021,3.7,986,276,4.5,"45,790",Japan
Porsche,Panamera,2022,2.9,986,331,5.3,"88,800",Germany
Subaru,WRX STI,2021,2.5,986,290,5.2,"38,170",Japan
Tesla,Roadster,2022,,986,,1.9,"200,000",USA
Porsche,718 Cayman,2022,2,986,280,4.9,"61,500",Germany
Lamborghini,Aventador,2021,6.5,986,509,2.9,"393,695",Italy
Ferrari,SF90 Stradale,2022,4,986,590,2.5,"625,000",Italy
Audi,RS5 Coupe,2022,2.9,986,443,3.5,"76,350",Germany
McLaren,570S,2021,3.8,986,443,3.1,"202,000",UK
BMW,M2,2022,3,986,406,4,"58,900",Germany
Mercedes-Benz,SL,2022,3,986,384,4.4,"96,000",Germany
Chevrolet,Camaro,2021,6.2,986,455,4,"25,000",USA
Ford,GT,2022,3.5,986,550,2.8,"500,000",USA
Nissan,370Z,2021,3.7,1000,270,5.3,"33,000",Japan
Alfa Romeo,Giulia Quadrifoglio,2021,2.9,1020,443,3.8,"75,250",Italy
Aston Martin,DB11,2022,4,1020,516,3.7,"201,495",UK
Bentley,Continental GT,2021,6,1020,664,3.3,"201,000",UK
Dodge,Challenger,2021,6.4,1020,475,3.8,"62,000",USA
Jaguar,F-Type R,2022,5,1020,516,3.5,"103,200",UK
Lexus,LC 500,2022,5,1020,398,4.4,"92,950",Japan
Lotus,Evora GT,2021,3.5,1020,317,3.8,"99,000",UK
Maserati,GranTurismo,2021,4.7,1020,384,4.7,"150,000",Italy
Porsche,Cayman GT4,2021,4,1020,309,4.2,"102,500",Germany
Aston Martin,Vantage,2022,4,1020,505,3.5,"149,995",UK
Dodge,Charger SRT Hellcat,2022,6.2,1020,650,3.5,"78,595",USA
Audi,RS 7,2021,4,1035,590,3.5,"114,000",Germany
Chevrolet,Camaro SS,2022,6.2,1200,455,4.1,"37,500",USA
Ford,Mustang GT,2022,5,1262,420,4,"38,500",USA
Jaguar,F-Type R,2022,5,1280,516,3.5,"103,200",UK
Lexus,LC 500,2022,5,1280,398,4.4,"92,950",Japan
McLaren,570S,2021,3.8,1280,443,3.1,"208,800",UK
Mercedes-Benz,AMG C63,2022,4,1280,479,3.8,"71,450",Germany
Nissan,370Z Nismo,2021,3.7,1280,276,4.9,"47,820",Japan
Porsche,Panamera GTS,2021,4,1280,457,3.9,"134,150",Germany
Audi,TT RS,2022,2.5,1280,354,3.6,"67,600",Germany
BMW,M4,2021,3,1280,406,3.8,"71,800",Germany
Ferrari,F8 Tributo,2021,3.9,1280,568,2.8,"274,280",Italy
Lamborghini,Aventador,2021,6.5,1280,531,2.9,"393,695",Italy
McLaren,GT,2021,4,1479,465,3.1,"250,000",UK
Mercedes-Benz,AMG GT 4-Door Coupe,2021,4,1479,664,3.1,"171,200",Germany
Aston Martin,DBS Superleggera,2022,5.2,1479,663,3.4,"321,000",UK
Lotus,Evora GT,2021,3.5,1479,317,3.8,"100,500",UK
Porsche,Taycan Turbo S,2021,Electric,1479,774,2.6,"185,000",Germany
McLaren,570S,2021,3.8,1500,443,3.1,"195,000",UK
Lamborghini,Aventador SVJ,2021,6.5,1500,531,2.8,"517,770",Italy
Ford,GT,2021,3.5,1500,550,3,"500,000",USA
Audi,RS7 Sportback,2022,4,1500,590,3.5,"114,000",Germany
BMW,M4,2022,3,1500,406,4.1,"72,800",Germany
Mercedes-AMG,C63 S,2022,4,1500,516,3.7,"78,100",Germany
Chevrolet,Camaro ZL1,2021,6.2,1500,650,3.5,"63,000",USA
Dodge,Charger Hellcat,2021,6.2,1500,650,3.6,"70,000",USA
Alfa Romeo,Giulia Quadrifoglio,2021,2.9,1500,443,3.8,"78,450",Italy
Tesla,Model S Plaid,2022,Electric,1500,"1,050",1.9,"141,190",USA
Ferrari,SF90 Stradale,2021,4,1500,590,2.5,"625,000",Italy
Porsche,Panamera Turbo S E-Hybrid,2021,Hybrid,1500,642,3,"190,000",Germany
McLaren,Artura,2022,3,1500,531,3,"225,000",UK
Lamborghini,Urus,2021,4,1500,627,3.6,"222,000",Italy
Ford,Mustang Mach 1,2021,5,"1,500",420,4,"52,915",USA
Porsche,911,2022,3,1500,331,4,"101,200",Germany
Lamborghini,Huracan,2021,5.2,1578,443,2.8,"274,390",Italy
Ferrari,488 GTB,2022,3.9,1578,561,3,"333,750",Italy
Audi,R8,2022,5.2,1600,406,3.2,"142,700",Germany
McLaren,720S,2021,4,1600,568,2.7,"298,000",UK
BMW,M8,2022,4.4,1600,553,3.1,"130,000",Germany
Mercedes-Benz,AMG GT,2021,4,1600,494,3.8,"118,500",Germany
Chevrolet,Corvette,2021,6.2,1872,465,2.8,"59,900",USA
Ford,Mustang Shelby GT500,2022,5.2,1874,625,3.5,"81,000",USA
Nissan,GT-R Nismo,2021,3.8,1888,481,2.5,"212,000",Japan
Dodge,Challenger SRT Hellcat,2021,6.2,1888,656,3.5,"64,195",USA
Aston Martin,Vantage,2021,4,1914,505,3.6,"147,000",UK
Bugatti,Chiron,2022,8,1914,1180,2.5,"3,900,000",France
Koenigsegg,Jesko,2022,5,1914,1015,2.5,"3,000,000",Sweden
Pagani,Huayra,2021,6,1914,740,2.8,"2,600,000",Italy
Rimac,Nevera,2022,Electric,1914,1696,1.85,"2,400,000",Croatia
Lotus,Evija,2022,Electric,1914,1254,2.5,"2,000,000",UK
Pininfarina,Battista,2021,Electric,1914,1696,1.9,"2,500,000",Italy
Maserati,MC20,2021,3,1914,538,2.9,"210,000",Italy
Porsche,Cayman,2021,2,1914,280,5.1,"59,900",Germany
Lamborghini,Aventador,2021,6.5,1914,509,2.9,"393,695",Italy
Ferrari,SF90 Stradale,2021,4,1914,590,2.5,"625,000",Italy
Audi,RS 5,2021,2.9,1914,443,3.5,"75,100",Germany
McLaren,GT,2022,4,1972,465,3.1,"210,000",UK
BMW,M2,2021,3,1972,406,4,"58,900",Germany
Mercedes-Benz,SLS AMG,2021,6.3,1973,468,3.6,"254,500",Germany
Chevrolet,Camaro,2021,6.2,1973,455,4,"25,000",USA
Ford,Mustang,2021,2.3,1973,350,5.3,"27,205",USA
Nissan,370Z,2021,3.7,2000,270,5.1,"30,090",Japan
Aston Martin,Vantage,2021,4,10000,505,3.6,"146,000",UK
Bugatti,Chiron,2021,8,1000,1180,2.4,"3,000,000",France
Koenigsegg,Jesko,2022,5,10000,1106,2.5,"3,000,000",Sweden
Lotus,Evija,2021,Electric Motor,1000,1254,2,"2,000,000",UK
McLaren,Senna,2021,4,1000,590,2.7,"1,000,000",UK
Pagani,Huayra,2021,6,1000,738,3,"2,600,000",Italy
Rimac,Nevera,2021,Electric Motor,10000,1696,1.85,"2,400,000",Croatia
